condition,pval,adj_pval
HF-CKD,1.2794263753060254e-78,3.8382791259180764e-78
Healthy,4.4448127731267293e-48,6.667219159690094e-48
HF-A,3.743851298129083e-15,3.743851298129083e-15
