condition,pval,adj_pval
HF-CKD,2.085655490175282e-78,6.256966470525847e-78
Healthy,8.270966575698763e-48,1.2406449863548145e-47
HF-A,4.423676290994185e-16,4.423676290994185e-16
