condition,pval,adj_pval
HF-CKD,3.912358963871689e-73,1.1737076891615067e-72
Healthy,4.289654735626635e-48,6.434482103439953e-48
HF-A,4.061533596581635e-28,4.061533596581635e-28
