contrast,pval,adj_pval
HF-CKDvsHF-A,7.381476797713298e-88,2.2144430393139897e-87
HF-CKDvsHealthy,6.697727943391365e-63,1.004659191508705e-62
HF-AvsHealthy,8.171961303755356e-54,8.171961303755356e-54
